agent_type,episode_timestamp,step,previous_phase,duration,action_taken
dqn,2025-10-16T18:05:45.334531,5,0.0,5,SWITCH
dqn,2025-10-16T18:05:45.334531,10,0.5,5,SWITCH
dqn,2025-10-16T18:05:45.334531,15,0.0,5,SWITCH
dqn,2025-10-16T18:05:45.334531,20,0.5,5,SWITCH
dqn,2025-10-16T18:05:45.334531,25,0.0,5,SWITCH
dqn,2025-10-16T18:05:45.334531,30,0.5,5,SWITCH
dqn,2025-10-16T18:05:45.334531,35,0.0,5,SWITCH
dqn,2025-10-16T18:05:45.334531,40,0.5,5,SWITCH
dqn,2025-10-16T18:05:45.334531,45,0.0,5,SWITCH
dqn,2025-10-16T18:05:45.334531,50,0.5,5,SWITCH
dqn,2025-10-16T18:05:45.334531,55,0.0,5,SWITCH
dqn,2025-10-16T18:05:45.334531,60,0.5,5,SWITCH
dqn,2025-10-16T18:05:45.334531,65,0.0,5,SWITCH
dqn,2025-10-16T18:05:45.334531,70,0.5,5,SWITCH
dqn,2025-10-16T18:05:45.334531,75,0.0,5,SWITCH
dqn,2025-10-16T18:05:45.334531,80,0.5,5,SWITCH
dqn,2025-10-16T18:05:45.334531,85,0.0,5,SWITCH
dqn,2025-10-16T18:05:45.334531,90,0.5,5,SWITCH
dqn,2025-10-16T18:05:45.334531,95,0.0,5,SWITCH
dqn,2025-10-16T18:05:45.334531,100,0.5,5,SWITCH
dqn,2025-10-16T18:05:45.334531,105,0.0,5,SWITCH
dqn,2025-10-16T18:05:45.334531,110,0.5,5,SWITCH
dqn,2025-10-16T18:05:45.334531,115,0.0,5,SWITCH
dqn,2025-10-16T18:05:45.334531,120,0.5,5,SWITCH
dqn,2025-10-16T18:05:45.334531,125,0.0,5,SWITCH
dqn,2025-10-16T18:05:45.334531,130,0.5,5,SWITCH
dqn,2025-10-16T18:05:45.334531,135,0.0,5,SWITCH
dqn,2025-10-16T18:05:45.334531,140,0.5,5,SWITCH
dqn,2025-10-16T18:05:45.334531,145,0.0,5,SWITCH
dqn,2025-10-16T18:05:45.334531,150,0.5,5,SWITCH
dqn,2025-10-16T18:05:45.334531,155,0.0,5,SWITCH
dqn,2025-10-16T18:05:45.334531,160,0.5,5,SWITCH
dqn,2025-10-16T18:05:45.334531,165,0.0,5,SWITCH
dqn,2025-10-16T18:05:45.334531,170,0.5,5,SWITCH
dqn,2025-10-16T18:05:45.334531,175,0.0,5,SWITCH
dqn,2025-10-16T18:05:45.334531,180,0.5,5,SWITCH
dqn,2025-10-16T18:05:45.334531,185,0.0,5,SWITCH
dqn,2025-10-16T18:05:45.334531,190,0.5,5,SWITCH
dqn,2025-10-16T18:05:45.334531,195,0.0,5,SWITCH
dqn,2025-10-16T18:05:45.334531,200,0.5,5,SWITCH
dqn,2025-10-16T18:05:45.334531,205,0.0,5,SWITCH
dqn,2025-10-16T18:05:45.334531,210,0.5,5,SWITCH
dqn,2025-10-16T18:05:45.334531,215,0.0,5,SWITCH
dqn,2025-10-16T18:05:45.334531,220,0.5,5,SWITCH
dqn,2025-10-16T18:05:45.334531,225,0.0,5,SWITCH
dqn,2025-10-16T18:05:45.334531,230,0.5,5,SWITCH
dqn,2025-10-16T18:05:45.334531,235,0.0,5,SWITCH
dqn,2025-10-16T18:05:45.334531,240,0.5,5,SWITCH
dqn,2025-10-16T18:05:45.334531,245,0.0,5,SWITCH
dqn,2025-10-16T18:05:45.334531,250,0.5,5,SWITCH
dqn,2025-10-16T18:05:45.334531,255,0.0,5,SWITCH
dqn,2025-10-16T18:05:45.334531,260,0.5,5,SWITCH
dqn,2025-10-16T18:05:45.334531,265,0.0,5,SWITCH
dqn,2025-10-16T18:05:45.334531,270,0.5,5,SWITCH
dqn,2025-10-16T18:05:45.334531,275,0.0,5,SWITCH
dqn,2025-10-16T18:05:45.334531,280,0.5,5,SWITCH
dqn,2025-10-16T18:05:45.334531,285,0.0,5,SWITCH
dqn,2025-10-16T18:05:45.334531,290,0.5,5,SWITCH
dqn,2025-10-16T18:05:45.334531,295,0.0,5,SWITCH
dqn,2025-10-16T18:05:45.334531,300,0.5,5,SWITCH
dqn,2025-10-16T18:05:45.334531,305,0.0,5,SWITCH
dqn,2025-10-16T18:05:45.334531,310,0.5,5,SWITCH
dqn,2025-10-16T18:05:45.334531,315,0.0,5,SWITCH
dqn,2025-10-16T18:05:45.334531,320,0.5,5,SWITCH
dqn,2025-10-16T18:05:45.334531,325,0.0,5,SWITCH
dqn,2025-10-16T18:05:45.334531,330,0.5,5,SWITCH
dqn,2025-10-16T18:05:45.334531,335,0.0,5,SWITCH
dqn,2025-10-16T18:05:45.334531,340,0.5,5,SWITCH
dqn,2025-10-16T18:05:45.334531,345,0.0,5,SWITCH
dqn,2025-10-16T18:05:45.334531,350,0.5,5,SWITCH
dqn,2025-10-16T18:05:45.334531,355,0.0,5,SWITCH
dqn,2025-10-16T18:05:45.334531,360,0.5,5,SWITCH
dqn,2025-10-16T18:05:45.334531,365,0.0,5,SWITCH
dqn,2025-10-16T18:05:45.334531,370,0.5,5,SWITCH
dqn,2025-10-16T18:05:45.334531,375,0.0,5,SWITCH
dqn,2025-10-16T18:05:45.334531,380,0.5,5,SWITCH
dqn,2025-10-16T18:05:45.334531,385,0.0,5,SWITCH
dqn,2025-10-16T18:05:45.334531,390,0.5,5,SWITCH
dqn,2025-10-16T18:05:45.334531,395,0.0,5,SWITCH
dqn,2025-10-16T18:05:45.334531,400,0.5,5,SWITCH
dqn,2025-10-16T18:05:45.334531,405,0.0,5,SWITCH
dqn,2025-10-16T18:05:45.334531,410,0.5,5,SWITCH
dqn,2025-10-16T18:05:45.334531,415,0.0,5,SWITCH
dqn,2025-10-16T18:05:45.334531,420,0.5,5,SWITCH
dqn,2025-10-16T18:05:45.334531,425,0.0,5,SWITCH
dqn,2025-10-16T18:05:45.334531,430,0.5,5,SWITCH
dqn,2025-10-16T18:05:45.334531,435,0.0,5,SWITCH
dqn,2025-10-16T18:05:45.334531,440,0.5,5,SWITCH
dqn,2025-10-16T18:05:45.334531,445,0.0,5,SWITCH
dqn,2025-10-16T18:05:45.334531,450,0.5,5,SWITCH
dqn,2025-10-16T18:05:45.334531,455,0.0,5,SWITCH
dqn,2025-10-16T18:05:45.334531,460,0.5,5,SWITCH
dqn,2025-10-16T18:05:45.334531,465,0.0,5,SWITCH
dqn,2025-10-16T18:05:45.334531,470,0.5,5,SWITCH
dqn,2025-10-16T18:05:45.334531,475,0.0,5,SWITCH
dqn,2025-10-16T18:05:45.334531,480,0.5,5,SWITCH
dqn,2025-10-16T18:05:45.334531,485,0.0,5,SWITCH
dqn,2025-10-16T18:05:45.334531,490,0.5,5,SWITCH
dqn,2025-10-16T18:05:45.334531,495,0.0,5,SWITCH
dqn,2025-10-16T18:05:45.334531,500,0.5,5,SWITCH
dqn,2025-10-16T18:05:45.334531,505,0.0,5,SWITCH
dqn,2025-10-16T18:05:45.334531,510,0.5,5,SWITCH
dqn,2025-10-16T18:05:45.334531,515,0.0,5,SWITCH
dqn,2025-10-16T18:05:45.334531,520,0.5,5,SWITCH
dqn,2025-10-16T18:05:45.334531,525,0.0,5,SWITCH
dqn,2025-10-16T18:05:45.334531,530,0.5,5,SWITCH
dqn,2025-10-16T18:05:45.334531,535,0.0,5,SWITCH
dqn,2025-10-16T18:05:45.334531,540,0.5,5,SWITCH
dqn,2025-10-16T18:05:45.334531,545,0.0,5,SWITCH
dqn,2025-10-16T18:05:45.334531,550,0.5,5,SWITCH
dqn,2025-10-16T18:05:45.334531,555,0.0,5,SWITCH
dqn,2025-10-16T18:05:45.334531,560,0.5,5,SWITCH
dqn,2025-10-16T18:05:45.334531,565,0.0,5,SWITCH
dqn,2025-10-16T18:05:45.334531,570,0.5,5,SWITCH
dqn,2025-10-16T18:05:45.334531,575,0.0,5,SWITCH
dqn,2025-10-16T18:05:45.334531,580,0.5,5,SWITCH
dqn,2025-10-16T18:05:45.334531,585,0.0,5,SWITCH
dqn,2025-10-16T18:05:45.334531,590,0.5,5,SWITCH
dqn,2025-10-16T18:05:45.334531,595,0.0,5,SWITCH
dqn,2025-10-16T18:05:45.334531,600,0.5,5,SWITCH
dqn,2025-10-16T18:05:45.334531,605,0.0,5,SWITCH
dqn,2025-10-16T18:05:45.334531,610,0.5,5,SWITCH
dqn,2025-10-16T18:05:45.334531,615,0.0,5,SWITCH
dqn,2025-10-16T18:05:45.334531,620,0.5,5,SWITCH
dqn,2025-10-16T18:05:45.334531,625,0.0,5,SWITCH
dqn,2025-10-16T18:05:45.334531,630,0.5,5,SWITCH
dqn,2025-10-16T18:05:45.334531,635,0.0,5,SWITCH
dqn,2025-10-16T18:05:45.334531,640,0.5,5,SWITCH
dqn,2025-10-16T18:05:45.334531,645,0.0,5,SWITCH
dqn,2025-10-16T18:05:45.334531,650,0.5,5,SWITCH
dqn,2025-10-16T18:05:45.334531,655,0.0,5,SWITCH
dqn,2025-10-16T18:05:45.334531,660,0.5,5,SWITCH
dqn,2025-10-16T18:05:45.334531,665,0.0,5,SWITCH
dqn,2025-10-16T18:05:45.334531,670,0.5,5,SWITCH
dqn,2025-10-16T18:05:45.334531,675,0.0,5,SWITCH
dqn,2025-10-16T18:05:45.334531,680,0.5,5,SWITCH
dqn,2025-10-16T18:05:45.334531,685,0.0,5,SWITCH
dqn,2025-10-16T18:05:45.334531,690,0.5,5,SWITCH
dqn,2025-10-16T18:05:45.334531,695,0.0,5,SWITCH
dqn,2025-10-16T18:05:45.334531,700,0.5,5,SWITCH
dqn,2025-10-16T18:05:45.334531,705,0.0,5,SWITCH
dqn,2025-10-16T18:05:45.334531,710,0.5,5,SWITCH
dqn,2025-10-16T18:05:45.334531,715,0.0,5,SWITCH
dqn,2025-10-16T18:05:45.334531,720,0.5,5,SWITCH
dqn,2025-10-16T18:05:45.334531,725,0.0,5,SWITCH
dqn,2025-10-16T18:05:45.334531,730,0.5,5,SWITCH
dqn,2025-10-16T18:05:45.334531,735,0.0,5,SWITCH
dqn,2025-10-16T18:05:45.334531,740,0.5,5,SWITCH
dqn,2025-10-16T18:05:45.334531,745,0.0,5,SWITCH
dqn,2025-10-16T18:05:45.334531,750,0.5,5,SWITCH
dqn,2025-10-16T18:05:45.334531,755,0.0,5,SWITCH
dqn,2025-10-16T18:05:45.334531,760,0.5,5,SWITCH
dqn,2025-10-16T18:05:45.334531,765,0.0,5,SWITCH
dqn,2025-10-16T18:05:45.334531,770,0.5,5,SWITCH
dqn,2025-10-16T18:05:45.334531,775,0.0,5,SWITCH
dqn,2025-10-16T18:05:45.334531,780,0.5,5,SWITCH
dqn,2025-10-16T18:05:45.334531,785,0.0,5,SWITCH
dqn,2025-10-16T18:05:45.334531,790,0.5,5,SWITCH
dqn,2025-10-16T18:05:45.334531,795,0.0,5,SWITCH
dqn,2025-10-16T18:05:45.334531,800,0.5,5,SWITCH
dqn,2025-10-16T18:05:45.334531,805,0.0,5,SWITCH
dqn,2025-10-16T18:05:45.334531,810,0.5,5,SWITCH
dqn,2025-10-16T18:05:45.334531,815,0.0,5,SWITCH
dqn,2025-10-16T18:05:45.334531,820,0.5,5,SWITCH
dqn,2025-10-16T18:05:45.334531,825,0.0,5,SWITCH
dqn,2025-10-16T18:05:45.334531,830,0.5,5,SWITCH
dqn,2025-10-16T18:05:45.334531,835,0.0,5,SWITCH
dqn,2025-10-16T18:05:45.334531,840,0.5,5,SWITCH
dqn,2025-10-16T18:05:45.334531,845,0.0,5,SWITCH
dqn,2025-10-16T18:05:45.334531,850,0.5,5,SWITCH
dqn,2025-10-16T18:05:45.334531,855,0.0,5,SWITCH
dqn,2025-10-16T18:05:45.334531,860,0.5,5,SWITCH
dqn,2025-10-16T18:05:45.334531,865,0.0,5,SWITCH
dqn,2025-10-16T18:05:45.334531,870,0.5,5,SWITCH
dqn,2025-10-16T18:05:45.334531,875,0.0,5,SWITCH
dqn,2025-10-16T18:05:45.334531,880,0.5,5,SWITCH
dqn,2025-10-16T18:05:45.334531,885,0.0,5,SWITCH
dqn,2025-10-16T18:05:45.334531,890,0.5,5,SWITCH
dqn,2025-10-16T18:05:45.334531,895,0.0,5,SWITCH
dqn,2025-10-16T18:05:45.334531,900,0.5,5,SWITCH
dqn,2025-10-16T18:05:45.334531,905,0.0,5,SWITCH
dqn,2025-10-16T18:05:45.334531,910,0.5,5,SWITCH
dqn,2025-10-16T18:05:45.334531,915,0.0,5,SWITCH
dqn,2025-10-16T18:05:45.334531,920,0.5,5,SWITCH
dqn,2025-10-16T18:05:45.334531,925,0.0,5,SWITCH
dqn,2025-10-16T18:05:45.334531,930,0.5,5,SWITCH
dqn,2025-10-16T18:05:45.334531,935,0.0,5,SWITCH
dqn,2025-10-16T18:05:45.334531,940,0.5,5,SWITCH
dqn,2025-10-16T18:05:45.334531,945,0.0,5,SWITCH
dqn,2025-10-16T18:05:45.334531,950,0.5,5,SWITCH
dqn,2025-10-16T18:05:45.334531,955,0.0,5,SWITCH
dqn,2025-10-16T18:05:45.334531,960,0.5,5,SWITCH
dqn,2025-10-16T18:05:45.334531,965,0.0,5,SWITCH
dqn,2025-10-16T18:05:45.334531,970,0.5,5,SWITCH
dqn,2025-10-16T18:05:45.334531,975,0.0,5,SWITCH
dqn,2025-10-16T18:05:45.334531,980,0.5,5,SWITCH
dqn,2025-10-16T18:05:45.334531,985,0.0,5,SWITCH
dqn,2025-10-16T18:05:45.334531,990,0.5,5,SWITCH
dqn,2025-10-16T18:05:45.334531,995,0.0,5,SWITCH
dqn,2025-10-16T18:05:45.334531,1000,0.5,5,SWITCH
dqn,2025-10-16T18:05:45.334531,1005,0.0,5,SWITCH
dqn,2025-10-16T18:05:45.334531,1010,0.5,5,SWITCH
dqn,2025-10-16T18:05:45.334531,1015,0.0,5,SWITCH
dqn,2025-10-16T18:05:45.334531,1020,0.5,5,SWITCH
dqn,2025-10-16T18:05:45.334531,1025,0.0,5,SWITCH
dqn,2025-10-16T18:05:45.334531,1030,0.5,5,SWITCH
dqn,2025-10-16T18:05:45.334531,1035,0.0,5,SWITCH
dqn,2025-10-16T18:05:45.334531,1040,0.5,5,SWITCH
dqn,2025-10-16T18:05:45.334531,1045,0.0,5,SWITCH
dqn,2025-10-16T18:05:45.334531,1050,0.5,5,SWITCH
dqn,2025-10-16T18:05:45.334531,1055,0.0,5,SWITCH
dqn,2025-10-16T18:05:45.334531,1060,0.5,5,SWITCH
dqn,2025-10-16T18:05:45.334531,1065,0.0,5,SWITCH
dqn,2025-10-16T18:05:45.334531,1070,0.5,5,SWITCH
dqn,2025-10-16T18:05:45.334531,1075,0.0,5,SWITCH
dqn,2025-10-16T18:05:45.334531,1080,0.5,5,SWITCH
dqn,2025-10-16T18:05:45.334531,1085,0.0,5,SWITCH
dqn,2025-10-16T18:05:45.334531,1090,0.5,5,SWITCH
dqn,2025-10-16T18:05:45.334531,1095,0.0,5,SWITCH
dqn,2025-10-16T18:05:45.334531,1100,0.5,5,SWITCH
dqn,2025-10-16T18:05:45.334531,1105,0.0,5,SWITCH
dqn,2025-10-16T18:05:45.334531,1110,0.5,5,SWITCH
dqn,2025-10-16T18:05:45.334531,1115,0.0,5,SWITCH
dqn,2025-10-16T18:05:45.334531,1120,0.5,5,SWITCH
dqn,2025-10-16T18:05:45.334531,1125,0.0,5,SWITCH
dqn,2025-10-16T18:05:45.334531,1130,0.5,5,SWITCH
dqn,2025-10-16T18:05:45.334531,1135,0.0,5,SWITCH
dqn,2025-10-16T18:05:45.334531,1140,0.5,5,SWITCH
dqn,2025-10-16T18:05:45.334531,1145,0.0,5,SWITCH
dqn,2025-10-16T18:05:45.334531,1150,0.5,5,SWITCH
dqn,2025-10-16T18:05:45.334531,1155,0.0,5,SWITCH
dqn,2025-10-16T18:05:45.334531,1160,0.5,5,SWITCH
dqn,2025-10-16T18:05:45.334531,1165,0.0,5,SWITCH
dqn,2025-10-16T18:05:45.334531,1170,0.5,5,SWITCH
dqn,2025-10-16T18:05:45.334531,1175,0.0,5,SWITCH
dqn,2025-10-16T18:05:45.334531,1180,0.5,5,SWITCH
dqn,2025-10-16T18:05:45.334531,1185,0.0,5,SWITCH
dqn,2025-10-16T18:05:45.334531,1190,0.5,5,SWITCH
dqn,2025-10-16T18:05:45.334531,1195,0.0,5,SWITCH
dqn,2025-10-16T18:05:45.334531,1200,0.5,5,SWITCH
dqn,2025-10-16T18:05:45.334531,1205,0.0,5,SWITCH
dqn,2025-10-16T18:05:45.334531,1210,0.5,5,SWITCH
dqn,2025-10-16T18:05:45.334531,1215,0.0,5,SWITCH
dqn,2025-10-16T18:05:45.334531,1220,0.5,5,SWITCH
dqn,2025-10-16T18:05:45.334531,1225,0.0,5,SWITCH
dqn,2025-10-16T18:05:45.334531,1230,0.5,5,SWITCH
dqn,2025-10-16T18:05:45.334531,1235,0.0,5,SWITCH
dqn,2025-10-16T18:05:45.334531,1240,0.5,5,SWITCH
dqn,2025-10-16T18:05:45.334531,1245,0.0,5,SWITCH
dqn,2025-10-16T18:05:45.334531,1250,0.5,5,SWITCH
dqn,2025-10-16T18:05:45.334531,1255,0.0,5,SWITCH
dqn,2025-10-16T18:05:45.334531,1260,0.5,5,SWITCH
dqn,2025-10-16T18:05:45.334531,1265,0.0,5,SWITCH
dqn,2025-10-16T18:05:45.334531,1270,0.5,5,SWITCH
dqn,2025-10-16T18:05:45.334531,1275,0.0,5,SWITCH
dqn,2025-10-16T18:05:45.334531,1280,0.5,5,SWITCH
dqn,2025-10-16T18:05:45.334531,1285,0.0,5,SWITCH
dqn,2025-10-16T18:05:45.334531,1290,0.5,5,SWITCH
dqn,2025-10-16T18:05:45.334531,1295,0.0,5,SWITCH
dqn,2025-10-16T18:05:45.334531,1300,0.5,5,SWITCH
dqn,2025-10-16T18:05:45.334531,1305,0.0,5,SWITCH
dqn,2025-10-16T18:05:45.334531,1310,0.5,5,SWITCH
dqn,2025-10-16T18:05:45.334531,1315,0.0,5,SWITCH
dqn,2025-10-16T18:05:45.334531,1320,0.5,5,SWITCH
dqn,2025-10-16T18:05:45.334531,1325,0.0,5,SWITCH
dqn,2025-10-16T18:05:45.334531,1330,0.5,5,SWITCH
dqn,2025-10-16T18:05:45.334531,1335,0.0,5,SWITCH
dqn,2025-10-16T18:05:45.334531,1340,0.5,5,SWITCH
dqn,2025-10-16T18:05:45.334531,1345,0.0,5,SWITCH
dqn,2025-10-16T18:05:45.334531,1350,0.5,5,SWITCH
dqn,2025-10-16T18:05:45.334531,1355,0.0,5,SWITCH
dqn,2025-10-16T18:05:45.334531,1360,0.5,5,SWITCH
dqn,2025-10-16T18:05:45.334531,1365,0.0,5,SWITCH
dqn,2025-10-16T18:05:45.334531,1370,0.5,5,SWITCH
dqn,2025-10-16T18:05:45.334531,1375,0.0,5,SWITCH
dqn,2025-10-16T18:05:45.334531,1380,0.5,5,SWITCH
dqn,2025-10-16T18:05:45.334531,1385,0.0,5,SWITCH
dqn,2025-10-16T18:05:45.334531,1390,0.5,5,SWITCH
dqn,2025-10-16T18:05:45.334531,1395,0.0,5,SWITCH
dqn,2025-10-16T18:05:45.334531,1400,0.5,5,SWITCH
dqn,2025-10-16T18:05:45.334531,1405,0.0,5,SWITCH
dqn,2025-10-16T18:05:45.334531,1410,0.5,5,SWITCH
dqn,2025-10-16T18:05:45.334531,1415,0.0,5,SWITCH
dqn,2025-10-16T18:05:45.334531,1420,0.5,5,SWITCH
dqn,2025-10-16T18:05:45.334531,1425,0.0,5,SWITCH
dqn,2025-10-16T18:05:45.334531,1430,0.5,5,SWITCH
dqn,2025-10-16T18:05:45.334531,1435,0.0,5,SWITCH
dqn,2025-10-16T18:05:45.334531,1440,0.5,5,SWITCH
dqn,2025-10-16T18:05:45.334531,1445,0.0,5,SWITCH
dqn,2025-10-16T18:05:45.334531,1450,0.5,5,SWITCH
dqn,2025-10-16T18:05:45.334531,1455,0.0,5,SWITCH
dqn,2025-10-16T18:05:45.334531,1460,0.5,5,SWITCH
dqn,2025-10-16T18:05:45.334531,1465,0.0,5,SWITCH
dqn,2025-10-16T18:05:45.334531,1470,0.5,5,SWITCH
dqn,2025-10-16T18:05:45.334531,1475,0.0,5,SWITCH
dqn,2025-10-16T18:05:45.334531,1480,0.5,5,SWITCH
dqn,2025-10-16T18:05:45.334531,1485,0.0,5,SWITCH
dqn,2025-10-16T18:05:45.334531,1490,0.5,5,SWITCH
dqn,2025-10-16T18:05:45.334531,1495,0.0,5,SWITCH
dqn,2025-10-16T18:05:45.334531,1500,0.5,5,SWITCH
dqn,2025-10-16T18:05:45.334531,1505,0.0,5,SWITCH
dqn,2025-10-16T18:05:45.334531,1510,0.5,5,SWITCH
dqn,2025-10-16T18:05:45.334531,1515,0.0,5,SWITCH
dqn,2025-10-16T18:05:45.334531,1520,0.5,5,SWITCH
dqn,2025-10-16T18:05:45.334531,1525,0.0,5,SWITCH
dqn,2025-10-16T18:05:45.334531,1530,0.5,5,SWITCH
dqn,2025-10-16T18:05:45.334531,1535,0.0,5,SWITCH
dqn,2025-10-16T18:05:45.334531,1540,0.5,5,SWITCH
dqn,2025-10-16T18:05:45.334531,1545,0.0,5,SWITCH
dqn,2025-10-16T18:05:45.334531,1550,0.5,5,SWITCH
dqn,2025-10-16T18:05:45.334531,1555,0.0,5,SWITCH
dqn,2025-10-16T18:05:45.334531,1560,0.5,5,SWITCH
dqn,2025-10-16T18:05:45.334531,1565,0.0,5,SWITCH
dqn,2025-10-16T18:05:45.334531,1570,0.5,5,SWITCH
dqn,2025-10-16T18:05:45.334531,1575,0.0,5,SWITCH
dqn,2025-10-16T18:05:45.334531,1580,0.5,5,SWITCH
dqn,2025-10-16T18:05:45.334531,1585,0.0,5,SWITCH
dqn,2025-10-16T18:05:45.334531,1590,0.5,5,SWITCH
dqn,2025-10-16T18:05:45.334531,1595,0.0,5,SWITCH
dqn,2025-10-16T18:05:45.334531,1600,0.5,5,SWITCH
dqn,2025-10-16T18:05:45.334531,1605,0.0,5,SWITCH
dqn,2025-10-16T18:05:45.334531,1610,0.5,5,SWITCH
dqn,2025-10-16T18:05:45.334531,1615,0.0,5,SWITCH
dqn,2025-10-16T18:05:45.334531,1620,0.5,5,SWITCH
dqn,2025-10-16T18:05:45.334531,1625,0.0,5,SWITCH
dqn,2025-10-16T18:05:45.334531,1630,0.5,5,SWITCH
dqn,2025-10-16T18:05:45.334531,1635,0.0,5,SWITCH
dqn,2025-10-16T18:05:45.334531,1640,0.5,5,SWITCH
dqn,2025-10-16T18:05:45.334531,1645,0.0,5,SWITCH
dqn,2025-10-16T18:05:45.334531,1650,0.5,5,SWITCH
dqn,2025-10-16T18:05:45.334531,1655,0.0,5,SWITCH
dqn,2025-10-16T18:05:45.334531,1660,0.5,5,SWITCH
dqn,2025-10-16T18:05:45.334531,1665,0.0,5,SWITCH
dqn,2025-10-16T18:05:45.334531,1670,0.5,5,SWITCH
dqn,2025-10-16T18:05:45.334531,1675,0.0,5,SWITCH
dqn,2025-10-16T18:05:45.334531,1680,0.5,5,SWITCH
dqn,2025-10-16T18:05:45.334531,1685,0.0,5,SWITCH
dqn,2025-10-16T18:05:45.334531,1690,0.5,5,SWITCH
dqn,2025-10-16T18:05:45.334531,1695,0.0,5,SWITCH
dqn,2025-10-16T18:05:45.334531,1700,0.5,5,SWITCH
dqn,2025-10-16T18:05:45.334531,1705,0.0,5,SWITCH
dqn,2025-10-16T18:05:45.334531,1710,0.5,5,SWITCH
dqn,2025-10-16T18:05:45.334531,1715,0.0,5,SWITCH
dqn,2025-10-16T18:05:45.334531,1720,0.5,5,SWITCH
dqn,2025-10-16T18:05:45.334531,1725,0.0,5,SWITCH
dqn,2025-10-16T18:05:45.334531,1730,0.5,5,SWITCH
dqn,2025-10-16T18:05:45.334531,1735,0.0,5,SWITCH
dqn,2025-10-16T18:05:45.334531,1740,0.5,5,SWITCH
dqn,2025-10-16T18:05:45.334531,1745,0.0,5,SWITCH
dqn,2025-10-16T18:05:45.334531,1750,0.5,5,SWITCH
dqn,2025-10-16T18:05:45.334531,1755,0.0,5,SWITCH
dqn,2025-10-16T18:05:45.334531,1760,0.5,5,SWITCH
dqn,2025-10-16T18:05:45.334531,1765,0.0,5,SWITCH
dqn,2025-10-16T18:05:45.334531,1770,0.5,5,SWITCH
dqn,2025-10-16T18:05:45.334531,1775,0.0,5,SWITCH
dqn,2025-10-16T18:05:45.334531,1780,0.5,5,SWITCH
dqn,2025-10-16T18:05:45.334531,1785,0.0,5,SWITCH
dqn,2025-10-16T18:05:45.334531,1790,0.5,5,SWITCH
dqn,2025-10-16T18:05:45.334531,1795,0.0,5,SWITCH
dqn,2025-10-16T18:05:45.334531,1800,0.5,5,SWITCH
dqn,2025-10-16T18:05:45.334531,1805,0.0,5,SWITCH
dqn,2025-10-16T18:05:45.334531,1810,0.5,5,SWITCH
dqn,2025-10-16T18:05:45.334531,1815,0.0,5,SWITCH
dqn,2025-10-16T18:05:45.334531,1820,0.5,5,SWITCH
dqn,2025-10-16T18:05:45.334531,1825,0.0,5,SWITCH
dqn,2025-10-16T18:05:45.334531,1830,0.5,5,SWITCH
dqn,2025-10-16T18:05:45.334531,1835,0.0,5,SWITCH
dqn,2025-10-16T18:05:45.334531,1840,0.5,5,SWITCH
dqn,2025-10-16T18:05:45.334531,1845,0.0,5,SWITCH
dqn,2025-10-16T18:05:45.334531,1850,0.5,5,SWITCH
dqn,2025-10-16T18:05:45.334531,1855,0.0,5,SWITCH
dqn,2025-10-16T18:05:45.334531,1860,0.5,5,SWITCH
dqn,2025-10-16T18:05:45.334531,1865,0.0,5,SWITCH
dqn,2025-10-16T18:05:45.334531,1870,0.5,5,SWITCH
dqn,2025-10-16T18:05:45.334531,1875,0.0,5,SWITCH
dqn,2025-10-16T18:05:45.334531,1880,0.5,5,SWITCH
dqn,2025-10-16T18:05:45.334531,1885,0.0,5,SWITCH
dqn,2025-10-16T18:05:45.334531,1890,0.5,5,SWITCH
dqn,2025-10-16T18:05:45.334531,1895,0.0,5,SWITCH
dqn,2025-10-16T18:05:45.334531,1900,0.5,5,SWITCH
dqn,2025-10-16T18:05:45.334531,1905,0.0,5,SWITCH
dqn,2025-10-16T18:05:45.334531,1910,0.5,5,SWITCH
dqn,2025-10-16T18:05:45.334531,1915,0.0,5,SWITCH
dqn,2025-10-16T18:05:45.334531,1920,0.5,5,SWITCH
dqn,2025-10-16T18:05:45.334531,1925,0.0,5,SWITCH
dqn,2025-10-16T18:05:45.334531,1930,0.5,5,SWITCH
dqn,2025-10-16T18:05:45.334531,1935,0.0,5,SWITCH
dqn,2025-10-16T18:05:45.334531,1940,0.5,5,SWITCH
dqn,2025-10-16T18:05:45.334531,1945,0.0,5,SWITCH
dqn,2025-10-16T18:05:45.334531,1950,0.5,5,SWITCH
dqn,2025-10-16T18:05:45.334531,1955,0.0,5,SWITCH
dqn,2025-10-16T18:05:45.334531,1960,0.5,5,SWITCH
dqn,2025-10-16T18:05:45.334531,1965,0.0,5,SWITCH
dqn,2025-10-16T18:05:45.334531,1970,0.5,5,SWITCH
dqn,2025-10-16T18:05:45.334531,1975,0.0,5,SWITCH
dqn,2025-10-16T18:05:45.334531,1980,0.5,5,SWITCH
dqn,2025-10-16T18:05:45.334531,1985,0.0,5,SWITCH
dqn,2025-10-16T18:05:45.334531,1990,0.5,5,SWITCH
dqn,2025-10-16T18:05:45.334531,1995,0.0,5,SWITCH
dqn,2025-10-16T18:05:45.334531,2000,0.5,5,SWITCH
dqn,2025-10-16T18:05:45.334531,2005,0.0,5,SWITCH
dqn,2025-10-16T18:05:45.334531,2010,0.5,5,SWITCH
dqn,2025-10-16T18:05:45.334531,2015,0.0,5,SWITCH
dqn,2025-10-16T18:05:45.334531,2020,0.5,5,SWITCH
dqn,2025-10-16T18:05:45.334531,2025,0.0,5,SWITCH
dqn,2025-10-16T18:05:45.334531,2030,0.5,5,SWITCH
dqn,2025-10-16T18:05:45.334531,2035,0.0,5,SWITCH
dqn,2025-10-16T18:05:45.334531,2040,0.5,5,SWITCH
dqn,2025-10-16T18:05:45.334531,2045,0.0,5,SWITCH
dqn,2025-10-16T18:05:45.334531,2050,0.5,5,SWITCH
dqn,2025-10-16T18:05:45.334531,2055,0.0,5,SWITCH
dqn,2025-10-16T18:05:45.334531,2060,0.5,5,SWITCH
dqn,2025-10-16T18:05:45.334531,2065,0.0,5,SWITCH
dqn,2025-10-16T18:05:45.334531,2070,0.5,5,SWITCH
dqn,2025-10-16T18:05:45.334531,2075,0.0,5,SWITCH
dqn,2025-10-16T18:05:45.334531,2080,0.5,5,SWITCH
dqn,2025-10-16T18:05:45.334531,2085,0.0,5,SWITCH
dqn,2025-10-16T18:05:45.334531,2090,0.5,5,SWITCH
dqn,2025-10-16T18:05:45.334531,2095,0.0,5,SWITCH
dqn,2025-10-16T18:05:45.334531,2100,0.5,5,SWITCH
dqn,2025-10-16T18:05:45.334531,2105,0.0,5,SWITCH
dqn,2025-10-16T18:05:45.334531,2110,0.5,5,SWITCH
dqn,2025-10-16T18:05:45.334531,2115,0.0,5,SWITCH
dqn,2025-10-16T18:05:45.334531,2120,0.5,5,SWITCH
dqn,2025-10-16T18:05:45.334531,2125,0.0,5,SWITCH
dqn,2025-10-16T18:05:45.334531,2130,0.5,5,SWITCH
dqn,2025-10-16T18:05:45.334531,2135,0.0,5,SWITCH
dqn,2025-10-16T18:05:45.334531,2140,0.5,5,SWITCH
dqn,2025-10-16T18:05:45.334531,2145,0.0,5,SWITCH
dqn,2025-10-16T18:05:45.334531,2150,0.5,5,SWITCH
dqn,2025-10-16T18:05:45.334531,2155,0.0,5,SWITCH
dqn,2025-10-16T18:05:45.334531,2160,0.5,5,SWITCH
dqn,2025-10-16T18:05:45.334531,2165,0.0,5,SWITCH
dqn,2025-10-16T18:05:45.334531,2170,0.5,5,SWITCH
dqn,2025-10-16T18:05:45.334531,2175,0.0,5,SWITCH
dqn,2025-10-16T18:05:45.334531,2180,0.5,5,SWITCH
dqn,2025-10-16T18:05:45.334531,2185,0.0,5,SWITCH
dqn,2025-10-16T18:05:45.334531,2190,0.5,5,SWITCH
dqn,2025-10-16T18:05:45.334531,2195,0.0,5,SWITCH
dqn,2025-10-16T18:05:45.334531,2200,0.5,5,SWITCH
dqn,2025-10-16T18:05:45.334531,2205,0.0,5,SWITCH
dqn,2025-10-16T18:05:45.334531,2210,0.5,5,SWITCH
dqn,2025-10-16T18:05:45.334531,2215,0.0,5,SWITCH
dqn,2025-10-16T18:05:45.334531,2220,0.5,5,SWITCH
dqn,2025-10-16T18:05:45.334531,2225,0.0,5,SWITCH
dqn,2025-10-16T18:05:45.334531,2230,0.5,5,SWITCH
dqn,2025-10-16T18:05:45.334531,2235,0.0,5,SWITCH
dqn,2025-10-16T18:05:45.334531,2240,0.5,5,SWITCH
dqn,2025-10-16T18:05:45.334531,2245,0.0,5,SWITCH
dqn,2025-10-16T18:05:45.334531,2250,0.5,5,SWITCH
dqn,2025-10-16T18:05:45.334531,2255,0.0,5,SWITCH
dqn,2025-10-16T18:05:45.334531,2260,0.5,5,SWITCH
dqn,2025-10-16T18:05:45.334531,2265,0.0,5,SWITCH
dqn,2025-10-16T18:05:45.334531,2270,0.5,5,SWITCH
dqn,2025-10-16T18:05:45.334531,2275,0.0,5,SWITCH
dqn,2025-10-16T18:05:45.334531,2280,0.5,5,SWITCH
dqn,2025-10-16T18:05:45.334531,2285,0.0,5,SWITCH
dqn,2025-10-16T18:05:45.334531,2290,0.5,5,SWITCH
dqn,2025-10-16T18:05:45.334531,2295,0.0,5,SWITCH
dqn,2025-10-16T18:05:45.334531,2300,0.5,5,SWITCH
dqn,2025-10-16T18:05:45.334531,2305,0.0,5,SWITCH
dqn,2025-10-16T18:05:45.334531,2310,0.5,5,SWITCH
dqn,2025-10-16T18:05:45.334531,2315,0.0,5,SWITCH
dqn,2025-10-16T18:05:45.334531,2320,0.5,5,SWITCH
dqn,2025-10-16T18:05:45.334531,2325,0.0,5,SWITCH
dqn,2025-10-16T18:05:45.334531,2330,0.5,5,SWITCH
dqn,2025-10-16T18:05:45.334531,2335,0.0,5,SWITCH
dqn,2025-10-16T18:05:45.334531,2340,0.5,5,SWITCH
dqn,2025-10-16T18:05:45.334531,2345,0.0,5,SWITCH
dqn,2025-10-16T18:05:45.334531,2350,0.5,5,SWITCH
dqn,2025-10-16T18:05:45.334531,2355,0.0,5,SWITCH
dqn,2025-10-16T18:05:45.334531,2360,0.5,5,SWITCH
dqn,2025-10-16T18:05:45.334531,2365,0.0,5,SWITCH
dqn,2025-10-16T18:05:45.334531,2370,0.5,5,SWITCH
dqn,2025-10-16T18:05:45.334531,2375,0.0,5,SWITCH
dqn,2025-10-16T18:05:45.334531,2380,0.5,5,SWITCH
dqn,2025-10-16T18:05:45.334531,2385,0.0,5,SWITCH
dqn,2025-10-16T18:05:45.334531,2390,0.5,5,SWITCH
dqn,2025-10-16T18:05:45.334531,2395,0.0,5,SWITCH
dqn,2025-10-16T18:05:45.334531,2400,0.5,5,SWITCH
dqn,2025-10-16T18:05:45.334531,2405,0.0,5,SWITCH
dqn,2025-10-16T18:05:45.334531,2410,0.5,5,SWITCH
dqn,2025-10-16T18:05:45.334531,2415,0.0,5,SWITCH
dqn,2025-10-16T18:05:45.334531,2420,0.5,5,SWITCH
dqn,2025-10-16T18:05:45.334531,2425,0.0,5,SWITCH
dqn,2025-10-16T18:05:45.334531,2430,0.5,5,SWITCH
dqn,2025-10-16T18:05:45.334531,2435,0.0,5,SWITCH
dqn,2025-10-16T18:05:45.334531,2440,0.5,5,SWITCH
dqn,2025-10-16T18:05:45.334531,2445,0.0,5,SWITCH
dqn,2025-10-16T18:05:45.334531,2450,0.5,5,SWITCH
dqn,2025-10-16T18:05:45.334531,2455,0.0,5,SWITCH
dqn,2025-10-16T18:05:45.334531,2460,0.5,5,SWITCH
dqn,2025-10-16T18:05:45.334531,2465,0.0,5,SWITCH
dqn,2025-10-16T18:05:45.334531,2470,0.5,5,SWITCH
dqn,2025-10-16T18:05:45.334531,2475,0.0,5,SWITCH
dqn,2025-10-16T18:05:45.334531,2480,0.5,5,SWITCH
dqn,2025-10-16T18:05:45.334531,2485,0.0,5,SWITCH
dqn,2025-10-16T18:05:45.334531,2490,0.5,5,SWITCH
dqn,2025-10-16T18:05:45.334531,2495,0.0,5,SWITCH
dqn,2025-10-16T18:05:45.334531,2500,0.5,5,SWITCH
dqn,2025-10-16T18:05:45.334531,2505,0.0,5,SWITCH
dqn,2025-10-16T18:05:45.334531,2510,0.5,5,SWITCH
dqn,2025-10-16T18:05:45.334531,2515,0.0,5,SWITCH
dqn,2025-10-16T18:05:45.334531,2520,0.5,5,SWITCH
dqn,2025-10-16T18:05:45.334531,2525,0.0,5,SWITCH
dqn,2025-10-16T18:05:45.334531,2530,0.5,5,SWITCH
dqn,2025-10-16T18:05:45.334531,2535,0.0,5,SWITCH
dqn,2025-10-16T18:05:45.334531,2540,0.5,5,SWITCH
dqn,2025-10-16T18:05:45.334531,2545,0.0,5,SWITCH
dqn,2025-10-16T18:05:45.334531,2550,0.5,5,SWITCH
dqn,2025-10-16T18:05:45.334531,2555,0.0,5,SWITCH
dqn,2025-10-16T18:05:45.334531,2560,0.5,5,SWITCH
dqn,2025-10-16T18:05:45.334531,2565,0.0,5,SWITCH
dqn,2025-10-16T18:05:45.334531,2570,0.5,5,SWITCH
dqn,2025-10-16T18:05:45.334531,2575,0.0,5,SWITCH
dqn,2025-10-16T18:05:45.334531,2580,0.5,5,SWITCH
dqn,2025-10-16T18:05:45.334531,2585,0.0,5,SWITCH
dqn,2025-10-16T18:05:45.334531,2590,0.5,5,SWITCH
dqn,2025-10-16T18:05:45.334531,2595,0.0,5,SWITCH
dqn,2025-10-16T18:05:45.334531,2600,0.5,5,SWITCH
dqn,2025-10-16T18:05:45.334531,2605,0.0,5,SWITCH
dqn,2025-10-16T18:05:45.334531,2610,0.5,5,SWITCH
dqn,2025-10-16T18:05:45.334531,2615,0.0,5,SWITCH
dqn,2025-10-16T18:05:45.334531,2620,0.5,5,SWITCH
dqn,2025-10-16T18:05:45.334531,2625,0.0,5,SWITCH
dqn,2025-10-16T18:05:45.334531,2630,0.5,5,SWITCH
dqn,2025-10-16T18:05:45.334531,2635,0.0,5,SWITCH
dqn,2025-10-16T18:05:45.334531,2640,0.5,5,SWITCH
dqn,2025-10-16T18:05:45.334531,2645,0.0,5,SWITCH
dqn,2025-10-16T18:05:45.334531,2650,0.5,5,SWITCH
dqn,2025-10-16T18:05:45.334531,2655,0.0,5,SWITCH
dqn,2025-10-16T18:05:45.334531,2660,0.5,5,SWITCH
dqn,2025-10-16T18:05:45.334531,2665,0.0,5,SWITCH
dqn,2025-10-16T18:05:45.334531,2670,0.5,5,SWITCH
dqn,2025-10-16T18:05:45.334531,2675,0.0,5,SWITCH
dqn,2025-10-16T18:05:45.334531,2680,0.5,5,SWITCH
dqn,2025-10-16T18:05:45.334531,2685,0.0,5,SWITCH
dqn,2025-10-16T18:05:45.334531,2690,0.5,5,SWITCH
dqn,2025-10-16T18:05:45.334531,2695,0.0,5,SWITCH
dqn,2025-10-16T18:05:45.334531,2700,0.5,5,SWITCH
dqn,2025-10-16T18:05:45.334531,2705,0.0,5,SWITCH
dqn,2025-10-16T18:05:45.334531,2710,0.5,5,SWITCH
dqn,2025-10-16T18:05:45.334531,2715,0.0,5,SWITCH
dqn,2025-10-16T18:05:45.334531,2720,0.5,5,SWITCH
dqn,2025-10-16T18:05:45.334531,2725,0.0,5,SWITCH
dqn,2025-10-16T18:05:45.334531,2730,0.5,5,SWITCH
dqn,2025-10-16T18:05:45.334531,2735,0.0,5,SWITCH
dqn,2025-10-16T18:05:45.334531,2740,0.5,5,SWITCH
dqn,2025-10-16T18:05:45.334531,2745,0.0,5,SWITCH
dqn,2025-10-16T18:05:45.334531,2750,0.5,5,SWITCH
dqn,2025-10-16T18:05:45.334531,2755,0.0,5,SWITCH
dqn,2025-10-16T18:05:45.334531,2760,0.5,5,SWITCH
dqn,2025-10-16T18:05:45.334531,2765,0.0,5,SWITCH
dqn,2025-10-16T18:05:45.334531,2770,0.5,5,SWITCH
dqn,2025-10-16T18:05:45.334531,2775,0.0,5,SWITCH
dqn,2025-10-16T18:05:45.334531,2780,0.5,5,SWITCH
dqn,2025-10-16T18:05:45.334531,2785,0.0,5,SWITCH
dqn,2025-10-16T18:05:45.334531,2790,0.5,5,SWITCH
dqn,2025-10-16T18:05:45.334531,2795,0.0,5,SWITCH
dqn,2025-10-16T18:05:45.334531,2800,0.5,5,SWITCH
dqn,2025-10-16T18:05:45.334531,2805,0.0,5,SWITCH
dqn,2025-10-16T18:05:45.334531,2810,0.5,5,SWITCH
dqn,2025-10-16T18:05:45.334531,2815,0.0,5,SWITCH
dqn,2025-10-16T18:05:45.334531,2820,0.5,5,SWITCH
dqn,2025-10-16T18:05:45.334531,2825,0.0,5,SWITCH
dqn,2025-10-16T18:05:45.334531,2830,0.5,5,SWITCH
dqn,2025-10-16T18:05:45.334531,2835,0.0,5,SWITCH
dqn,2025-10-16T18:05:45.334531,2840,0.5,5,SWITCH
dqn,2025-10-16T18:05:45.334531,2845,0.0,5,SWITCH
dqn,2025-10-16T18:05:45.334531,2850,0.5,5,SWITCH
dqn,2025-10-16T18:05:45.334531,2855,0.0,5,SWITCH
dqn,2025-10-16T18:05:45.334531,2860,0.5,5,SWITCH
dqn,2025-10-16T18:05:45.334531,2865,0.0,5,SWITCH
dqn,2025-10-16T18:05:45.334531,2870,0.5,5,SWITCH
dqn,2025-10-16T18:05:45.334531,2875,0.0,5,SWITCH
dqn,2025-10-16T18:05:45.334531,2880,0.5,5,SWITCH
dqn,2025-10-16T18:05:45.334531,2885,0.0,5,SWITCH
dqn,2025-10-16T18:05:45.334531,2890,0.5,5,SWITCH
dqn,2025-10-16T18:05:45.334531,2895,0.0,5,SWITCH
dqn,2025-10-16T18:05:45.334531,2900,0.5,5,SWITCH
dqn,2025-10-16T18:05:45.334531,2905,0.0,5,SWITCH
dqn,2025-10-16T18:05:45.334531,2910,0.5,5,SWITCH
dqn,2025-10-16T18:05:45.334531,2915,0.0,5,SWITCH
dqn,2025-10-16T18:05:45.334531,2920,0.5,5,SWITCH
dqn,2025-10-16T18:05:45.334531,2925,0.0,5,SWITCH
dqn,2025-10-16T18:05:45.334531,2930,0.5,5,SWITCH
dqn,2025-10-16T18:05:45.334531,2935,0.0,5,SWITCH
dqn,2025-10-16T18:05:45.334531,2940,0.5,5,SWITCH
dqn,2025-10-16T18:05:45.334531,2945,0.0,5,SWITCH
dqn,2025-10-16T18:05:45.334531,2950,0.5,5,SWITCH
dqn,2025-10-16T18:05:45.334531,2955,0.0,5,SWITCH
dqn,2025-10-16T18:05:45.334531,2960,0.5,5,SWITCH
dqn,2025-10-16T18:05:45.334531,2965,0.0,5,SWITCH
dqn,2025-10-16T18:05:45.334531,2970,0.5,5,SWITCH
dqn,2025-10-16T18:05:45.334531,2975,0.0,5,SWITCH
dqn,2025-10-16T18:05:45.334531,2980,0.5,5,SWITCH
dqn,2025-10-16T18:05:45.334531,2985,0.0,5,SWITCH
dqn,2025-10-16T18:05:45.334531,2990,0.5,5,SWITCH
dqn,2025-10-16T18:05:45.334531,2995,0.0,5,SWITCH
dqn,2025-10-16T18:05:45.334531,3000,0.5,5,SWITCH
dqn,2025-10-16T18:05:45.334531,3005,0.0,5,SWITCH
dqn,2025-10-16T18:05:45.334531,3010,0.5,5,SWITCH
dqn,2025-10-16T18:05:45.334531,3015,0.0,5,SWITCH
dqn,2025-10-16T18:05:45.334531,3020,0.5,5,SWITCH
dqn,2025-10-16T18:05:45.334531,3025,0.0,5,SWITCH
dqn,2025-10-16T18:05:45.334531,3030,0.5,5,SWITCH
dqn,2025-10-16T18:05:45.334531,3035,0.0,5,SWITCH
dqn,2025-10-16T18:05:45.334531,3040,0.5,5,SWITCH
dqn,2025-10-16T18:05:45.334531,3045,0.0,5,SWITCH
dqn,2025-10-16T18:05:45.334531,3050,0.5,5,SWITCH
dqn,2025-10-16T18:05:45.334531,3055,0.0,5,SWITCH
dqn,2025-10-16T18:05:45.334531,3060,0.5,5,SWITCH
dqn,2025-10-16T18:05:45.334531,3065,0.0,5,SWITCH
dqn,2025-10-16T18:05:45.334531,3070,0.5,5,SWITCH
dqn,2025-10-16T18:05:45.334531,3075,0.0,5,SWITCH
dqn,2025-10-16T18:05:45.334531,3080,0.5,5,SWITCH
dqn,2025-10-16T18:05:45.334531,3085,0.0,5,SWITCH
dqn,2025-10-16T18:05:45.334531,3090,0.5,5,SWITCH
dqn,2025-10-16T18:05:45.334531,3095,0.0,5,SWITCH
dqn,2025-10-16T18:05:45.334531,3100,0.5,5,SWITCH
dqn,2025-10-16T18:05:45.334531,3105,0.0,5,SWITCH
dqn,2025-10-16T18:05:45.334531,3110,0.5,5,SWITCH
dqn,2025-10-16T18:05:45.334531,3115,0.0,5,SWITCH
dqn,2025-10-16T18:05:45.334531,3120,0.5,5,SWITCH
dqn,2025-10-16T18:05:45.334531,3125,0.0,5,SWITCH
dqn,2025-10-16T18:05:45.334531,3130,0.5,5,SWITCH
dqn,2025-10-16T18:05:45.334531,3135,0.0,5,SWITCH
dqn,2025-10-16T18:05:45.334531,3140,0.5,5,SWITCH
dqn,2025-10-16T18:05:45.334531,3145,0.0,5,SWITCH
dqn,2025-10-16T18:05:45.334531,3150,0.5,5,SWITCH
dqn,2025-10-16T18:05:45.334531,3155,0.0,5,SWITCH
dqn,2025-10-16T18:05:45.334531,3160,0.5,5,SWITCH
dqn,2025-10-16T18:05:45.334531,3165,0.0,5,SWITCH
dqn,2025-10-16T18:05:45.334531,3170,0.5,5,SWITCH
dqn,2025-10-16T18:05:45.334531,3175,0.0,5,SWITCH
dqn,2025-10-16T18:05:45.334531,3180,0.5,5,SWITCH
dqn,2025-10-16T18:05:45.334531,3185,0.0,5,SWITCH
dqn,2025-10-16T18:05:45.334531,3190,0.5,5,SWITCH
dqn,2025-10-16T18:05:45.334531,3195,0.0,5,SWITCH
dqn,2025-10-16T18:05:45.334531,3200,0.5,5,SWITCH
dqn,2025-10-16T18:05:45.334531,3205,0.0,5,SWITCH
dqn,2025-10-16T18:05:45.334531,3210,0.5,5,SWITCH
dqn,2025-10-16T18:05:45.334531,3215,0.0,5,SWITCH
dqn,2025-10-16T18:05:45.334531,3220,0.5,5,SWITCH
dqn,2025-10-16T18:05:45.334531,3225,0.0,5,SWITCH
dqn,2025-10-16T18:05:45.334531,3230,0.5,5,SWITCH
dqn,2025-10-16T18:05:45.334531,3235,0.0,5,SWITCH
dqn,2025-10-16T18:05:45.334531,3240,0.5,5,SWITCH
dqn,2025-10-16T18:05:45.334531,3245,0.0,5,SWITCH
dqn,2025-10-16T18:05:45.334531,3250,0.5,5,SWITCH
dqn,2025-10-16T18:05:45.334531,3255,0.0,5,SWITCH
dqn,2025-10-16T18:05:45.334531,3260,0.5,5,SWITCH
dqn,2025-10-16T18:05:45.334531,3265,0.0,5,SWITCH
dqn,2025-10-16T18:05:45.334531,3270,0.5,5,SWITCH
dqn,2025-10-16T18:05:45.334531,3275,0.0,5,SWITCH
dqn,2025-10-16T18:05:45.334531,3280,0.5,5,SWITCH
dqn,2025-10-16T18:05:45.334531,3285,0.0,5,SWITCH
dqn,2025-10-16T18:05:45.334531,3290,0.5,5,SWITCH
dqn,2025-10-16T18:05:45.334531,3295,0.0,5,SWITCH
dqn,2025-10-16T18:05:45.334531,3300,0.5,5,SWITCH
dqn,2025-10-16T18:05:45.334531,3305,0.0,5,SWITCH
dqn,2025-10-16T18:05:45.334531,3310,0.5,5,SWITCH
dqn,2025-10-16T18:05:45.334531,3315,0.0,5,SWITCH
dqn,2025-10-16T18:05:45.334531,3320,0.5,5,SWITCH
dqn,2025-10-16T18:05:45.334531,3325,0.0,5,SWITCH
dqn,2025-10-16T18:05:45.334531,3330,0.5,5,SWITCH
dqn,2025-10-16T18:05:45.334531,3335,0.0,5,SWITCH
dqn,2025-10-16T18:05:45.334531,3340,0.5,5,SWITCH
dqn,2025-10-16T18:05:45.334531,3345,0.0,5,SWITCH
dqn,2025-10-16T18:05:45.334531,3350,0.5,5,SWITCH
dqn,2025-10-16T18:05:45.334531,3355,0.0,5,SWITCH
dqn,2025-10-16T18:05:45.334531,3360,0.5,5,SWITCH
dqn,2025-10-16T18:05:45.334531,3365,0.0,5,SWITCH
dqn,2025-10-16T18:05:45.334531,3370,0.5,5,SWITCH
dqn,2025-10-16T18:05:45.334531,3375,0.0,5,SWITCH
dqn,2025-10-16T18:05:45.334531,3380,0.5,5,SWITCH
dqn,2025-10-16T18:05:45.334531,3385,0.0,5,SWITCH
dqn,2025-10-16T18:05:45.334531,3390,0.5,5,SWITCH
dqn,2025-10-16T18:05:45.334531,3395,0.0,5,SWITCH
dqn,2025-10-16T18:05:45.334531,3400,0.5,5,SWITCH
dqn,2025-10-16T18:05:45.334531,3405,0.0,5,SWITCH
dqn,2025-10-16T18:05:45.334531,3410,0.5,5,SWITCH
dqn,2025-10-16T18:05:45.334531,3415,0.0,5,SWITCH
dqn,2025-10-16T18:05:45.334531,3420,0.5,5,SWITCH
dqn,2025-10-16T18:05:45.334531,3425,0.0,5,SWITCH
dqn,2025-10-16T18:05:45.334531,3430,0.5,5,SWITCH
dqn,2025-10-16T18:05:45.334531,3435,0.0,5,SWITCH
dqn,2025-10-16T18:05:45.334531,3440,0.5,5,SWITCH
dqn,2025-10-16T18:05:45.334531,3445,0.0,5,SWITCH
dqn,2025-10-16T18:05:45.334531,3450,0.5,5,SWITCH
dqn,2025-10-16T18:05:45.334531,3455,0.0,5,SWITCH
dqn,2025-10-16T18:05:45.334531,3460,0.5,5,SWITCH
dqn,2025-10-16T18:05:45.334531,3465,0.0,5,SWITCH
dqn,2025-10-16T18:05:45.334531,3470,0.5,5,SWITCH
dqn,2025-10-16T18:05:45.334531,3475,0.0,5,SWITCH
dqn,2025-10-16T18:05:45.334531,3480,0.5,5,SWITCH
dqn,2025-10-16T18:05:45.334531,3485,0.0,5,SWITCH
dqn,2025-10-16T18:05:45.334531,3490,0.5,5,SWITCH
dqn,2025-10-16T18:05:45.334531,3495,0.0,5,SWITCH
dqn,2025-10-16T18:05:45.334531,3500,0.5,5,SWITCH
dqn,2025-10-16T18:05:45.334531,3505,0.0,5,SWITCH
dqn,2025-10-16T18:05:45.334531,3510,0.5,5,SWITCH
dqn,2025-10-16T18:05:45.334531,3515,0.0,5,SWITCH
dqn,2025-10-16T18:05:45.334531,3520,0.5,5,SWITCH
dqn,2025-10-16T18:05:45.334531,3525,0.0,5,SWITCH
dqn,2025-10-16T18:05:45.334531,3530,0.5,5,SWITCH
dqn,2025-10-16T18:05:45.334531,3535,0.0,5,SWITCH
dqn,2025-10-16T18:05:45.334531,3540,0.5,5,SWITCH
dqn,2025-10-16T18:05:45.334531,3545,0.0,5,SWITCH
dqn,2025-10-16T18:05:45.334531,3550,0.5,5,SWITCH
dqn,2025-10-16T18:05:45.334531,3555,0.0,5,SWITCH
dqn,2025-10-16T18:05:45.334531,3560,0.5,5,SWITCH
dqn,2025-10-16T18:05:45.334531,3565,0.0,5,SWITCH
dqn,2025-10-16T18:05:45.334531,3570,0.5,5,SWITCH
dqn,2025-10-16T18:05:45.334531,3575,0.0,5,SWITCH
dqn,2025-10-16T18:05:45.334531,3580,0.5,5,SWITCH
dqn,2025-10-16T18:05:45.334531,3585,0.0,5,SWITCH
dqn,2025-10-16T18:05:45.334531,3590,0.5,5,SWITCH
dqn,2025-10-16T18:05:45.334531,3595,0.0,5,SWITCH
dqn,2025-10-16T18:05:45.334531,3600,0.5,5,SWITCH
